{"list":[{"list":[{"name":"GTH","time":1.5697951316833497,"CP_1":0.44941675662994387,"CP_2":0.0,"CP_3":0.0}]},{"list":[]},{"list":[]}],"saveName":"liolio"}